{"chunk_definitions":[{"row":128,"row_count":1,"visible":true,"expansion_state":0,"options":{"engine":"r","label":"setup","include":false},"document_id":"F9ECB611","chunk_id":"csetup_chunk","chunk_label":"setup"},{"row":132,"row_count":1,"visible":true,"expansion_state":0,"options":{"engine":"r","label":"unnamed-chunk-389"},"document_id":"F9ECB611","chunk_id":"ch5fnvfgziph4","chunk_label":"unnamed-chunk-1"},{"row":137,"row_count":1,"visible":true,"expansion_state":0,"options":{"engine":"r","label":"unnamed-chunk-390"},"document_id":"F9ECB611","chunk_id":"c27uuqag62g7f","chunk_label":"unnamed-chunk-2"},{"row":143,"row_count":1,"visible":true,"expansion_state":0,"options":{"engine":"r","results":false,"label":"unnamed-chunk-391"},"document_id":"F9ECB611","chunk_id":"c4lzxawn8dih7","chunk_label":"unnamed-chunk-3"},{"row":148,"row_count":1,"visible":true,"expansion_state":0,"options":{"engine":"r","results":false,"label":"unnamed-chunk-392"},"document_id":"F9ECB611","chunk_id":"ca88xyxl1f273","chunk_label":"unnamed-chunk-4"},{"row":160,"row_count":1,"visible":true,"expansion_state":0,"options":{"engine":"r","label":"unnamed-chunk-393"},"document_id":"F9ECB611","chunk_id":"cxkps1o50n29r","chunk_label":"unnamed-chunk-5"},{"row":176,"row_count":1,"visible":true,"expansion_state":0,"options":{"engine":"r","label":"unnamed-chunk-394"},"document_id":"F9ECB611","chunk_id":"czotgz1v4yihd","chunk_label":"unnamed-chunk-6"},{"row":189,"row_count":1,"visible":true,"expansion_state":0,"options":{"engine":"r","label":"unnamed-chunk-395"},"document_id":"F9ECB611","chunk_id":"cthcw57ijyv3y","chunk_label":"unnamed-chunk-7"},{"row":197,"row_count":1,"visible":true,"expansion_state":0,"options":{"engine":"r","label":"unnamed-chunk-396"},"document_id":"F9ECB611","chunk_id":"clnus7n8nuhrt","chunk_label":"unnamed-chunk-8"},{"row":201,"row_count":1,"visible":true,"expansion_state":0,"options":{"engine":"r","label":"unnamed-chunk-397"},"document_id":"F9ECB611","chunk_id":"c82hye7z5ay67","chunk_label":"unnamed-chunk-9"},{"row":205,"row_count":1,"visible":true,"expansion_state":0,"options":{"engine":"r","results":false,"label":"unnamed-chunk-398"},"document_id":"F9ECB611","chunk_id":"cimvpou4y1129","chunk_label":"unnamed-chunk-10"},{"row":213,"row_count":1,"visible":true,"expansion_state":0,"options":{"engine":"r","results":false,"label":"unnamed-chunk-399"},"document_id":"F9ECB611","chunk_id":"cex50frfcptbc","chunk_label":"unnamed-chunk-11"},{"row":219,"row_count":1,"visible":true,"expansion_state":0,"options":{"engine":"r","label":"unnamed-chunk-400"},"document_id":"F9ECB611","chunk_id":"cfmyxopjeabdm","chunk_label":"unnamed-chunk-12"},{"row":223,"row_count":1,"visible":true,"expansion_state":0,"options":{"engine":"r","label":"unnamed-chunk-401"},"document_id":"F9ECB611","chunk_id":"cslzopgfvgj9s","chunk_label":"unnamed-chunk-13"},{"row":231,"row_count":1,"visible":true,"expansion_state":0,"options":{"engine":"r","label":"unnamed-chunk-402"},"document_id":"F9ECB611","chunk_id":"cn4yuvumhwbr3","chunk_label":"unnamed-chunk-14"},{"row":235,"row_count":1,"visible":true,"expansion_state":0,"options":{"engine":"r","label":"unnamed-chunk-403"},"document_id":"F9ECB611","chunk_id":"c3mv4gh3a110a","chunk_label":"unnamed-chunk-15"},{"row":242,"row_count":1,"visible":true,"expansion_state":0,"options":{"engine":"r","results":false,"label":"unnamed-chunk-404"},"document_id":"F9ECB611","chunk_id":"cqzqbqnn1uruu","chunk_label":"unnamed-chunk-16"},{"row":246,"row_count":1,"visible":true,"expansion_state":0,"options":{"engine":"r","results":false,"label":"unnamed-chunk-405"},"document_id":"F9ECB611","chunk_id":"c7tc2syubhcw7","chunk_label":"unnamed-chunk-17"},{"row":250,"row_count":1,"visible":true,"expansion_state":0,"options":{"engine":"r","label":"unnamed-chunk-406"},"document_id":"F9ECB611","chunk_id":"cykz3fs7ffd6g","chunk_label":"unnamed-chunk-18"},{"row":266,"row_count":1,"visible":true,"expansion_state":0,"options":{"engine":"r","label":"unnamed-chunk-407"},"document_id":"F9ECB611","chunk_id":"cloycwksbgi5u","chunk_label":"unnamed-chunk-19"},{"row":272,"row_count":1,"visible":true,"expansion_state":0,"options":{"engine":"r","results":false,"label":"unnamed-chunk-408"},"document_id":"F9ECB611","chunk_id":"czktbz08qvzy9","chunk_label":"unnamed-chunk-20"},{"row":286,"row_count":1,"visible":true,"expansion_state":0,"options":{"engine":"r","label":"unnamed-chunk-4"},"document_id":"F9ECB611","chunk_id":"cud41djrd0pfi","chunk_label":"unnamed-chunk-21"},{"row":314,"row_count":1,"visible":true,"expansion_state":0,"options":{"engine":"r","label":"unnamed-chunk-410"},"document_id":"F9ECB611","chunk_id":"chg3iomsxj8gu","chunk_label":"unnamed-chunk-22"},{"row":323,"row_count":1,"visible":true,"expansion_state":0,"options":{"engine":"r","label":"unnamed-chunk-411"},"document_id":"F9ECB611","chunk_id":"cq2ihl70y6swi","chunk_label":"unnamed-chunk-23"},{"row":332,"row_count":1,"visible":true,"expansion_state":0,"options":{"engine":"r","label":"unnamed-chunk-412"},"document_id":"F9ECB611","chunk_id":"cw6oirow52a15","chunk_label":"unnamed-chunk-24"},{"row":368,"row_count":1,"visible":true,"expansion_state":0,"options":{"engine":"r","label":"unnamed-chunk-413"},"document_id":"F9ECB611","chunk_id":"cxxuf353vy0ey","chunk_label":"unnamed-chunk-25"},{"row":373,"row_count":1,"visible":true,"expansion_state":0,"options":{"engine":"r","results":false,"label":"unnamed-chunk-414"},"document_id":"F9ECB611","chunk_id":"cd3v6omyu0ht5","chunk_label":"unnamed-chunk-26"},{"row":377,"row_count":1,"visible":true,"expansion_state":0,"options":{"engine":"r","results":false,"label":"unnamed-chunk-415"},"document_id":"F9ECB611","chunk_id":"cq83bdwan9lkp","chunk_label":"unnamed-chunk-27"},{"row":387,"row_count":1,"visible":true,"expansion_state":0,"options":{"engine":"r","label":"unnamed-chunk-416"},"document_id":"F9ECB611","chunk_id":"cb4c5tbq3lx4q","chunk_label":"unnamed-chunk-28"},{"row":391,"row_count":1,"visible":true,"expansion_state":0,"options":{"engine":"r","results":false,"label":"unnamed-chunk-417"},"document_id":"F9ECB611","chunk_id":"c54ouzf8aa37v","chunk_label":"unnamed-chunk-29"},{"row":395,"row_count":1,"visible":true,"expansion_state":0,"options":{"engine":"r","results":false,"label":"unnamed-chunk-418"},"document_id":"F9ECB611","chunk_id":"c0chap08pertt","chunk_label":"unnamed-chunk-30"},{"row":402,"row_count":1,"visible":true,"expansion_state":0,"options":{"engine":"r","label":"unnamed-chunk-419"},"document_id":"F9ECB611","chunk_id":"c6l7wc0qvhzo8","chunk_label":"unnamed-chunk-31"},{"row":406,"row_count":1,"visible":true,"expansion_state":0,"options":{"engine":"r","results":false,"label":"unnamed-chunk-420"},"document_id":"F9ECB611","chunk_id":"cxkyjuk2byklo","chunk_label":"unnamed-chunk-32"},{"row":415,"row_count":1,"visible":true,"expansion_state":0,"options":{"engine":"r","fig.show":"hide","label":"unnamed-chunk-439"},"document_id":"F9ECB611","chunk_id":"cb41kcuuk0gwk","chunk_label":"unnamed-chunk-33"},{"row":426,"row_count":1,"visible":true,"expansion_state":0,"options":{"engine":"r","fig.show":"hide","label":"unnamed-chunk-440"},"document_id":"F9ECB611","chunk_id":"cghdik5qobvrt","chunk_label":"unnamed-chunk-34"},{"row":440,"row_count":1,"visible":true,"expansion_state":0,"options":{"engine":"r","label":"unnamed-chunk-423"},"document_id":"F9ECB611","chunk_id":"cra6uwxlecswh","chunk_label":"unnamed-chunk-35"},{"row":453,"row_count":1,"visible":true,"expansion_state":0,"options":{"engine":"r","label":"unnamed-chunk-424"},"document_id":"F9ECB611","chunk_id":"c2pojg5vnk13x","chunk_label":"unnamed-chunk-36"},{"row":463,"row_count":1,"visible":true,"expansion_state":0,"options":{"engine":"r","label":"unnamed-chunk-425"},"document_id":"F9ECB611","chunk_id":"cgenfnkhri3va","chunk_label":"unnamed-chunk-37"},{"row":473,"row_count":1,"visible":true,"expansion_state":0,"options":{"engine":"r","label":"unnamed-chunk-426"},"document_id":"F9ECB611","chunk_id":"cj2gopjafvq8b","chunk_label":"unnamed-chunk-38"},{"row":489,"row_count":1,"visible":true,"expansion_state":0,"options":{"engine":"r","results":false,"label":"unnamed-chunk-427"},"document_id":"F9ECB611","chunk_id":"ctz8sdolxzxi7","chunk_label":"unnamed-chunk-39"},{"row":505,"row_count":1,"visible":true,"expansion_state":0,"options":{"engine":"r","label":"unnamed-chunk-428"},"document_id":"F9ECB611","chunk_id":"cr1ntasu5ngov","chunk_label":"unnamed-chunk-40"},{"row":515,"row_count":1,"visible":true,"expansion_state":0,"options":{"engine":"r","label":"unnamed-chunk-429"},"document_id":"F9ECB611","chunk_id":"cjcqdsp93qgus","chunk_label":"unnamed-chunk-41"},{"row":524,"row_count":1,"visible":true,"expansion_state":0,"options":{"engine":"r","results":false,"label":"unnamed-chunk-430"},"document_id":"F9ECB611","chunk_id":"c9r1fna8bj9yd","chunk_label":"unnamed-chunk-42"},{"row":531,"row_count":1,"visible":true,"expansion_state":0,"options":{"engine":"r","label":"unnamed-chunk-431"},"document_id":"F9ECB611","chunk_id":"chlz6bzo797ok","chunk_label":"unnamed-chunk-43"},{"row":536,"row_count":1,"visible":true,"expansion_state":0,"options":{"engine":"r","results":false,"label":"unnamed-chunk-432"},"document_id":"F9ECB611","chunk_id":"coqe9f1bf410e","chunk_label":"unnamed-chunk-44"},{"row":540,"row_count":1,"visible":true,"expansion_state":0,"options":{"engine":"r","label":"unnamed-chunk-433"},"document_id":"F9ECB611","chunk_id":"c7ltet5zhe6fc","chunk_label":"unnamed-chunk-45"},{"row":544,"row_count":1,"visible":true,"expansion_state":0,"options":{"engine":"r","label":"unnamed-chunk-434"},"document_id":"F9ECB611","chunk_id":"c7i68idogn683","chunk_label":"unnamed-chunk-46"},{"row":551,"row_count":1,"visible":true,"expansion_state":0,"options":{"engine":"r","label":"unnamed-chunk-435"},"document_id":"F9ECB611","chunk_id":"c4jnadlc2jii9","chunk_label":"unnamed-chunk-47"},{"row":565,"row_count":1,"visible":true,"expansion_state":0,"options":{"engine":"r","results":false,"label":"unnamed-chunk-436"},"document_id":"F9ECB611","chunk_id":"cb8fsdojgjs31","chunk_label":"unnamed-chunk-48"},{"row":601,"row_count":1,"visible":true,"expansion_state":0,"options":{"engine":"r","label":"unnamed-chunk-437"},"document_id":"F9ECB611","chunk_id":"c7czdxoaekv5q","chunk_label":"unnamed-chunk-49"},{"row":609,"row_count":1,"visible":true,"expansion_state":0,"options":{"engine":"r","results":false,"label":"unnamed-chunk-438"},"document_id":"F9ECB611","chunk_id":"c9ion5nsmyri2","chunk_label":"unnamed-chunk-50"}],"doc_write_time":1675645916,"working_dir":null,"default_chunk_options":{"warning":false,"echo":false}}