"0","ada <- acs |>"
"0","  filter(county_name == 'Ada County, Idaho') |>"
"0","  mutate(log_median_income = log(median_income)) |>"
"0","  select(prop_white, prop_foreign_born, prop_bachelor_above, prop_unemployed, prop_health_insurance, log_median_income, median_age)"
"0",""
"0","q3_mod |> predict(ada, type = ""response"", se.fit = TRUE)"
"1","$fit
"
"1","        1 "
"1","
"
"1","0.7403803 "
"1","
"
"1","
"
"1","$se.fit
"
"1","           1 "
"1","
"
"1","5.777221e-05 "
"1","
"
"1","
"
"1","$residual.scale
"
"1","[1]"
"1"," 1"
"1","
"
"1","
"
