"0","dat_q3 |>"
"0","  select(series_complete_05plus,series_complete_12plus,series_complete_18plus,series_complete_65plus) |>"
"0","  pivot_longer(series_complete_05plus:series_complete_65plus,"
"0","               names_to = 'age_filtered',"
"0","               values_to = 'population') |>"
"0","  ggplot() +"
"0","  geom_histogram(aes(x = population, fill = age_filtered), position = 'dodge', bins = 20) +"
"0","  theme_bw() +"
"0","  scale_x_log10() + "
"0","  ggtitle('Figure 3.a.1: counties count by log vaccinated population') +"
"0","  labs(x = 'log vaccinated population', y = 'counties count')"
