"0","dat_q3 |>"
"0","  select(series_complete_05plus_pop_pct,series_complete_12plus_pop_pct,series_complete_18plus_pop_pct,series_complete_65plus_pop_pct) |>"
"0","  pivot_longer(series_complete_05plus_pop_pct:series_complete_65plus_pop_pct,"
"0","               names_to = 'age_filtered',"
"0","               values_to = 'pop_pct') |>"
"0","  ggplot() +"
"0","  geom_histogram(aes(x = pop_pct, fill = age_filtered), position = 'dodge', bins = 20) +"
"0","  theme_bw() + "
"0","  ggtitle('Figure 3.a.2: counties count by vaccinated percent') +"
"0","  labs(x = 'vaccinated percent', y = 'counties count')"
